benchmark,case_id,source,n_points,time_end_s,T_initial_K,T_final_K,T_delta_K,density_initial,density_final,density_rel_pct,major_species_final
diamond,surface0,Cantera bundled diamond surface proxy,8,1e-06,1200.0,1200.0233019204027,0.023301920402673204,0.000883866314737924,0.0008838498088854701,-0.001867460291063658,H2=0.89; CH3=0.1; H=0.009996; CH4=0
sif4,add_O2,"generated eval53 SiF4 proxy, unreduced full trace",120,0.002,1713.0,981.7768280828836,-731.2231719171164,0.0006069815580327092,0.0005117157386254818,-15.695010523218182,N2=0.0002563; NH3=0.07731; SiF4=4.15e-05; O2=1.675e-06
ac,dilute_N2,"generated eval53 acetylene proxy, unreduced full trace",120,0.05,1050.0,1500.0465506264393,450.0465506264393,0.004183414192651502,0.002902120043150907,-30.627953401106918,N2=0.892; O2=0.003826; CO=0.01991; H2O=0.0273
