benchmark,mode,case,gas_species_before,gas_species_after_basis,gas_basis_ratio,density_ratio_mean,density_rel_delta_mean_pct,density_ratio_last,density_rel_delta_last_pct,T_last_delta,P_last_delta,abs_delta
diamond,pooling,highT,78,60,0.7692307692307693,0.3047303030243602,-69.52696969756398,0.304735247279776,-69.52647527202241,0.0,0.0,69.52696969756398
diamond,pooling,base,78,60,0.7692307692307693,0.30473384310144846,-69.52661568985515,0.3047395244323988,-69.52604755676012,0.0,0.0,69.52661568985515
diamond,pooling,lowP,78,60,0.7692307692307693,0.3047343985327837,-69.52656014672162,0.30474113212629794,-69.52588678737021,0.0,0.0,69.52656014672162
diamond,pooling,highCH4,78,60,0.7692307692307693,0.3344254381059075,-66.55745618940925,0.334430737692747,-66.5569262307253,0.0,0.0,66.55745618940925
ac,learnckpp,dilute_N2,53,18,0.33962264150943394,0.41517780685462097,-58.4822193145379,0.3788117705152868,-62.11882294847132,0.0,0.0,58.4822193145379
sif4,learnckpp,add_O2,82,49,0.5975609756097561,0.9442685072060721,-5.573149279392786,0.9385814791269654,-6.141852087303457,0.0,0.0,5.573149279392786
