benchmark,mode,cases,gas_species_before,gas_species_after_basis,gas_basis_ratio,mean_density_ratio,mean_abs_density_error_pct,max_abs_density_error_pct,worst_case,worst_density_delta_pct
ac,baseline,8,53,51,0.9622641509433962,1.0,0.0,0.0,add_C2H4,0.0
ac,learnckpp,8,53,18,0.33962264150943394,0.9268972258568275,7.310277414317248,58.4822193145379,dilute_N2,-58.4822193145379
ac,pooling,8,53,52,0.9811320754716981,1.0,0.0,0.0,add_C2H4,0.0
diamond,baseline,4,78,76,0.9743589743589743,1.0,0.0,0.0,base,0.0
diamond,learnckpp,4,78,58,0.7435897435897436,1.0,5.551115123125783e-15,2.220446049250313e-14,highCH4,2.220446049250313e-14
diamond,pooling,4,78,60,0.7692307692307693,0.31215599569112495,68.7844004308875,69.52696969756398,highT,-69.52696969756398
sif4,baseline,6,82,75,0.9146341463414634,0.988429009712585,1.1570990287415077,3.606367368118246,add_CH4,-3.606367368118246
sif4,learnckpp,6,82,49,0.5975609756097561,0.9839563804177661,1.6043619582233901,5.573149279392786,add_O2,-5.573149279392786
sif4,pooling,6,82,65,0.7926829268292683,0.9849190393886688,1.508096061133126,5.085679849192848,add_O2,-5.085679849192848
