benchmark,mode,run_id,case,gas_species_before,gas_species_after_basis,T_last_before,T_last_after,T_max_before,T_max_after,P_last_before,P_last_after,rho_last_before,rho_last_after,rho_mean_before,rho_mean_after
sif4,learnckpp,eval53viz_sif4_large_learnckpp,add_CH4,82,49,1713.0,1713.0,1713.0,1713.0,266.64473684210526,266.64473684210526,0.0002944002038528722,0.0002823450822839063,0.0003033631385047649,0.0002918473715471407
sif4,learnckpp,eval53viz_sif4_large_learnckpp,add_H2,82,49,1713.0,1713.0,1713.0,1713.0,266.64473684210526,266.64473684210526,0.000273713345560144,0.0002736042501033655,0.0002808703274871605,0.00028083681994183954
sif4,learnckpp,eval53viz_sif4_large_learnckpp,add_O2,82,49,1713.0,1713.0,1713.0,1713.0,266.6447368421053,266.6447368421053,0.0002962630587387467,0.0002780670198816919,0.0003054724951055014,0.000288448056945786
sif4,learnckpp,eval53viz_sif4_large_learnckpp,base,82,49,1713.0,1713.0,1713.0,1713.0,266.64473684210526,266.64473684210526,0.00034005993202911754,0.0003398389054015689,0.0003531932582077477,0.00035312076011413543
sif4,learnckpp,eval53viz_sif4_large_learnckpp,highP,82,49,1713.0,1713.0,1713.0,1713.0,1333.2236842105265,1333.2236842105265,0.0016701343383618034,0.0016616639628510108,0.0017496400387496383,0.0017457259053469247
sif4,learnckpp,eval53viz_sif4_large_learnckpp,lowT,82,49,1600.0,1600.0,1600.0,1600.0,266.6447368421052,266.6447368421052,0.00036581515981560223,0.00036580317595891356,0.0003789688178569907,0.0003789657041413629
