benchmark,mode,run_id,case,gas_species_before,gas_species_after_basis,T_last_before,T_last_after,T_max_before,T_max_after,P_last_before,P_last_after,rho_last_before,rho_last_after,rho_mean_before,rho_mean_after
sif4,baseline,eval53viz_sif4_large_baseline,add_CH4,82,75,1713.0,1713.0,1713.0,1713.0,266.64473684210526,266.64473684210526,0.0002944002038528722,0.00028364365432597153,0.0003033631385047649,0.0002924227492708297
sif4,baseline,eval53viz_sif4_large_baseline,add_H2,82,75,1713.0,1713.0,1713.0,1713.0,266.64473684210526,266.64473684210526,0.000273713345560144,0.00027371306288117604,0.0002808703274871605,0.00028087020863722177
sif4,baseline,eval53viz_sif4_large_baseline,add_O2,82,75,1713.0,1713.0,1713.0,1713.0,266.6447368421053,266.6447368421053,0.0002962630587387467,0.0002862658056096431,0.0003054724951055014,0.00029528217055228785
sif4,baseline,eval53viz_sif4_large_baseline,base,82,75,1713.0,1713.0,1713.0,1713.0,266.64473684210526,266.64473684210526,0.00034005993202911754,0.0003400596848528322,0.0003531932582077477,0.00035319314948805867
sif4,baseline,eval53viz_sif4_large_baseline,highP,82,75,1713.0,1713.0,1713.0,1713.0,1333.2236842105265,1333.2236842105265,0.0016701343383618034,0.0016701267349281139,0.0017496400387496383,0.001749636032362793
sif4,baseline,eval53viz_sif4_large_baseline,lowT,82,75,1600.0,1600.0,1600.0,1600.0,266.6447368421052,266.6447368421052,0.00036581515981560223,0.0003658151344805233,0.0003789688178569907,0.00037896880801143075
