benchmark,mode,run_id,case,gas_species_before,gas_species_after_basis,T_last_before,T_last_after,T_max_before,T_max_after,P_last_before,P_last_after,rho_last_before,rho_last_after,rho_mean_before,rho_mean_after
ac,learnckpp,eval53viz_ac_large_learnckpp,add_C2H4,53,18,1050.0,1050.0,1050.0,1050.0,1333.2236842105262,1333.2236842105262,0.0005229910860165131,0.0005229910860165131,0.0005776367931823429,0.0005776367931823429
ac,learnckpp,eval53viz_ac_large_learnckpp,add_CH4,53,18,1050.0,1050.0,1050.0,1050.0,1333.223684210526,1333.223684210526,0.0004336103094824058,0.0004336103094824058,0.00048709818649204814,0.0004870981864920482
ac,learnckpp,eval53viz_ac_large_learnckpp,base,53,18,1050.0,1050.0,1050.0,1050.0,1333.2236842105262,1333.2236842105262,0.0003265077906509793,0.0003265077906509793,0.0003800102071963731,0.0003800102071963731
ac,learnckpp,eval53viz_ac_large_learnckpp,dilute_N2,53,18,1050.0,1050.0,1050.0,1050.0,1333.2236842105265,1333.2236842105265,0.0012276469910122692,0.0004650471302331221,0.001281124910153538,0.0005318946305043693
ac,learnckpp,eval53viz_ac_large_learnckpp,highP,53,18,1050.0,1050.0,1050.0,1050.0,6666.118421052631,6666.118421052631,0.0016326940986148785,0.0016326940986148785,0.0019001919126993248,0.0019001919126993246
ac,learnckpp,eval53viz_ac_large_learnckpp,highT,53,18,1250.0,1250.0,1250.0,1250.0,1333.2236842105262,1333.2236842105262,0.00027197782806400144,0.00027197782806400144,0.00031622456613988854,0.00031622456613988854
ac,learnckpp,eval53viz_ac_large_learnckpp,lowP,53,18,1050.0,1050.0,1050.0,1050.0,266.64473684210515,266.64473684210515,6.529976249376391e-05,6.529976249376391e-05,7.600000302419846e-05,7.600000302419846e-05
ac,learnckpp,eval53viz_ac_large_learnckpp,lowT,53,18,900.0,900.0,900.0,900.0,1333.223684210526,1333.223684210526,0.0003845685258199246,0.0003845685258199231,0.0004477384072127186,0.00044773840721271834
