benchmark,mode,run_id,case,gas_species_before,gas_species_after_basis,T_last_before,T_last_after,T_max_before,T_max_after,P_last_before,P_last_after,rho_last_before,rho_last_after,rho_mean_before,rho_mean_after
sif4,pooling,eval53viz_sif4_large_pooling,add_CH4,82,65,1713.0,1713.0,1713.0,1713.0,266.64473684210526,266.64473684210526,0.0002944002038528722,0.0002829273072752255,0.0003033631385047649,0.0002921207595420785
sif4,pooling,eval53viz_sif4_large_pooling,add_H2,82,65,1713.0,1713.0,1713.0,1713.0,266.64473684210526,266.64473684210526,0.000273713345560144,0.00027360427863751106,0.0002808703274871605,0.00028083683212218395
sif4,pooling,eval53viz_sif4_large_pooling,add_O2,82,65,1713.0,1713.0,1713.0,1713.0,266.6447368421053,266.6447368421053,0.0002962630587387467,0.00027999203902352254,0.0003054724951055014,0.0002899371419770943
sif4,pooling,eval53viz_sif4_large_pooling,base,82,65,1713.0,1713.0,1713.0,1713.0,266.64473684210526,266.64473684210526,0.00034005993202911754,0.00033983890922598304,0.0003531932582077477,0.0003531207621417909
sif4,pooling,eval53viz_sif4_large_pooling,highP,82,65,1713.0,1713.0,1713.0,1713.0,1333.2236842105265,1333.2236842105265,0.0016701343383618034,0.0016616640456202164,0.0017496400387496383,0.0017457259396592428
sif4,pooling,eval53viz_sif4_large_pooling,lowT,82,65,1600.0,1600.0,1600.0,1600.0,266.6447368421052,266.6447368421052,0.00036581515981560223,0.00036580317613863573,0.0003789688178569907,0.0003789657042363721
